timestamp,simulation_time,event
2026-03-18T23:08:52.152036,6.611564023405298,ORDER_ARRIVAL
2026-03-18T23:08:52.152060,6.611564023405298,ASSIGN_ROBOT
2026-03-18T23:08:52.152072,18.442784817771773,ORDER_ARRIVAL
2026-03-18T23:08:52.152075,18.442784817771773,ASSIGN_ROBOT
2026-03-18T23:08:52.152080,33.79042935564109,ORDER_ARRIVAL
2026-03-18T23:08:52.152083,33.79042935564109,ASSIGN_ROBOT
2026-03-18T23:08:52.152087,62.755764348215735,ORDER_ARRIVAL
2026-03-18T23:08:52.152090,62.755764348215735,ASSIGN_ROBOT
2026-03-18T23:08:52.152094,67.56446138748686,ORDER_ARRIVAL
2026-03-18T23:08:52.152097,67.56446138748686,ASSIGN_ROBOT
2026-03-18T23:08:52.152101,71.42261198118388,ORDER_ARRIVAL
2026-03-18T23:08:52.152104,71.42261198118388,ASSIGN_ROBOT
2026-03-18T23:08:52.152108,74.94419312013815,ORDER_ARRIVAL
2026-03-18T23:08:52.152111,74.94419312013815,ASSIGN_ROBOT
2026-03-18T23:08:52.152115,76.12578828920319,ORDER_ARRIVAL
2026-03-18T23:08:52.152118,76.12578828920319,ASSIGN_ROBOT
2026-03-18T23:08:52.152121,80.3893960082794,ORDER_ARRIVAL
2026-03-18T23:08:52.152125,80.3893960082794,ASSIGN_ROBOT
2026-03-18T23:08:52.152129,84.70517778615573,ORDER_ARRIVAL
2026-03-18T23:08:52.152132,84.70517778615573,ASSIGN_ROBOT
2026-03-18T23:08:52.152135,89.74366505487173,ORDER_ARRIVAL
2026-03-18T23:08:52.152138,89.74366505487173,ASSIGN_ROBOT
2026-03-18T23:08:52.152142,92.9573988485051,ORDER_ARRIVAL
2026-03-18T23:08:52.152145,92.9573988485051,ASSIGN_ROBOT
2026-03-18T23:08:52.152149,101.40877280817914,ORDER_ARRIVAL
2026-03-18T23:08:52.152152,101.40877280817914,ASSIGN_ROBOT
2026-03-18T23:08:52.152155,105.78687723133788,ORDER_ARRIVAL
2026-03-18T23:08:52.152159,105.78687723133788,ASSIGN_ROBOT
2026-03-18T23:08:52.152162,112.30513006064614,ORDER_ARRIVAL
2026-03-18T23:08:52.152166,112.30513006064614,ASSIGN_ROBOT
2026-03-18T23:08:52.152169,116.30874349024182,ORDER_ARRIVAL
2026-03-18T23:08:52.152172,116.30874349024182,ASSIGN_ROBOT
2026-03-18T23:08:52.152176,122.5661331665252,ORDER_ARRIVAL
2026-03-18T23:08:52.152179,122.5661331665252,ASSIGN_ROBOT
2026-03-18T23:08:52.152182,125.5294830309504,ORDER_ARRIVAL
2026-03-18T23:08:52.152186,125.5294830309504,ASSIGN_ROBOT
2026-03-18T23:08:52.152190,129.40425099648152,ORDER_ARRIVAL
2026-03-18T23:08:52.152193,129.40425099648152,ASSIGN_ROBOT
2026-03-18T23:08:52.152196,137.0451018837375,ORDER_ARRIVAL
2026-03-18T23:08:52.152200,137.0451018837375,ASSIGN_ROBOT
2026-03-18T23:08:52.152203,138.01292604474787,ORDER_ARRIVAL
2026-03-18T23:08:52.152206,138.01292604474787,ASSIGN_ROBOT
2026-03-18T23:08:52.152210,139.39834021820693,ORDER_ARRIVAL
2026-03-18T23:08:52.152213,139.39834021820693,ASSIGN_ROBOT
2026-03-18T23:08:52.152217,145.67855209296886,ORDER_ARRIVAL
2026-03-18T23:08:52.152220,145.67855209296886,ASSIGN_ROBOT
2026-03-18T23:08:52.152245,151.25648064217023,ORDER_ARRIVAL
2026-03-18T23:08:52.152250,151.25648064217023,ASSIGN_ROBOT
2026-03-18T23:08:52.152265,157.92773013144904,ORDER_ARRIVAL
2026-03-18T23:08:52.152269,157.92773013144904,ASSIGN_ROBOT
2026-03-18T23:08:52.152272,162.95479863949552,ORDER_ARRIVAL
2026-03-18T23:08:52.152276,162.95479863949552,ASSIGN_ROBOT
2026-03-18T23:08:52.152279,169.1830827076479,ORDER_ARRIVAL
2026-03-18T23:08:52.152282,169.1830827076479,ASSIGN_ROBOT
2026-03-18T23:08:52.152286,181.3192283586426,ORDER_ARRIVAL
2026-03-18T23:08:52.152289,181.3192283586426,ASSIGN_ROBOT
2026-03-18T23:08:52.152292,183.75366982975459,ORDER_ARRIVAL
2026-03-18T23:08:52.152295,183.75366982975459,ASSIGN_ROBOT
2026-03-18T23:08:52.152299,184.15257123694215,ORDER_ARRIVAL
2026-03-18T23:08:52.152303,184.15257123694215,ASSIGN_ROBOT
2026-03-18T23:08:52.152306,184.68186261279234,ORDER_ARRIVAL
2026-03-18T23:08:52.152309,184.68186261279234,ASSIGN_ROBOT
2026-03-18T23:08:52.152313,188.6743179606087,ORDER_ARRIVAL
2026-03-18T23:08:52.152316,188.6743179606087,ASSIGN_ROBOT
2026-03-18T23:08:52.152320,206.72941902727896,ORDER_ARRIVAL
2026-03-18T23:08:52.152323,206.72941902727896,ASSIGN_ROBOT
2026-03-18T23:08:52.152327,221.85539957217122,ORDER_ARRIVAL
2026-03-18T23:08:52.152330,221.85539957217122,ASSIGN_ROBOT
2026-03-18T23:08:52.152333,225.2786369452542,ORDER_ARRIVAL
2026-03-18T23:08:52.152337,225.2786369452542,ASSIGN_ROBOT
2026-03-18T23:08:52.152340,226.11944744737258,ORDER_ARRIVAL
2026-03-18T23:08:52.152344,226.11944744737258,ASSIGN_ROBOT
2026-03-18T23:08:52.152347,227.1614705227113,ORDER_ARRIVAL
2026-03-18T23:08:52.152351,227.1614705227113,ASSIGN_ROBOT
2026-03-18T23:08:52.152354,232.51638351198372,ORDER_ARRIVAL
2026-03-18T23:08:52.152357,232.51638351198372,ASSIGN_ROBOT
2026-03-18T23:08:52.152361,275.08464245727686,ORDER_ARRIVAL
2026-03-18T23:08:52.152364,275.08464245727686,ASSIGN_ROBOT
2026-03-18T23:08:52.152368,280.1804317851891,ORDER_ARRIVAL
2026-03-18T23:08:52.152371,280.1804317851891,ASSIGN_ROBOT
2026-03-18T23:08:52.152375,281.4199689155635,ORDER_ARRIVAL
2026-03-18T23:08:52.152378,281.4199689155635,ASSIGN_ROBOT
2026-03-18T23:08:52.152382,287.42183122716267,ORDER_ARRIVAL
2026-03-18T23:08:52.152385,287.42183122716267,ASSIGN_ROBOT
2026-03-18T23:08:52.152389,289.22507480286777,ORDER_ARRIVAL
2026-03-18T23:08:52.152392,289.22507480286777,ASSIGN_ROBOT
2026-03-18T23:08:52.152395,292.2950055755986,ORDER_ARRIVAL
2026-03-18T23:08:52.152398,292.2950055755986,ASSIGN_ROBOT
2026-03-18T23:08:52.152402,295.959194194028,ORDER_ARRIVAL
2026-03-18T23:08:52.152405,295.959194194028,ASSIGN_ROBOT
2026-03-18T23:08:52.152409,298.4400060446086,ORDER_ARRIVAL
2026-03-18T23:08:52.152412,298.4400060446086,ASSIGN_ROBOT
2026-03-18T23:08:52.152416,320.4832944456604,ORDER_ARRIVAL
2026-03-18T23:08:52.152419,320.4832944456604,ASSIGN_ROBOT
2026-03-18T23:08:52.152423,351.80220895346145,ORDER_ARRIVAL
2026-03-18T23:08:52.152426,351.80220895346145,ASSIGN_ROBOT
2026-03-18T23:08:52.152429,358.5039318339433,ORDER_ARRIVAL
2026-03-18T23:08:52.152433,358.5039318339433,ASSIGN_ROBOT
2026-03-18T23:08:52.152436,360.52098764603,ORDER_ARRIVAL
2026-03-18T23:08:52.152439,360.52098764603,ASSIGN_ROBOT
2026-03-18T23:08:52.152443,362.80520194922815,ORDER_ARRIVAL
2026-03-18T23:08:52.152446,362.80520194922815,ASSIGN_ROBOT
2026-03-18T23:08:52.152450,375.36027858192244,ORDER_ARRIVAL
2026-03-18T23:08:52.152453,375.36027858192244,ASSIGN_ROBOT
2026-03-18T23:08:52.152457,377.0818646918871,ORDER_ARRIVAL
2026-03-18T23:08:52.152460,377.0818646918871,ASSIGN_ROBOT
2026-03-18T23:08:52.152464,380.2170207667499,ORDER_ARRIVAL
2026-03-18T23:08:52.152468,380.2170207667499,ASSIGN_ROBOT
2026-03-18T23:08:52.152472,388.27602892739185,ORDER_ARRIVAL
2026-03-18T23:08:52.152475,388.27602892739185,ASSIGN_ROBOT
2026-03-18T23:08:52.152478,389.50153414879105,ORDER_ARRIVAL
2026-03-18T23:08:52.152482,389.50153414879105,ASSIGN_ROBOT
2026-03-18T23:08:52.152485,390.40344253906005,ORDER_ARRIVAL
2026-03-18T23:08:52.152488,390.40344253906005,ASSIGN_ROBOT
2026-03-18T23:08:52.152492,393.9883235379589,ORDER_ARRIVAL
2026-03-18T23:08:52.152495,393.9883235379589,ASSIGN_ROBOT
2026-03-18T23:08:52.152499,412.4483851258475,ORDER_ARRIVAL
2026-03-18T23:08:52.152502,412.4483851258475,ASSIGN_ROBOT
2026-03-18T23:08:52.152506,421.429544176882,ORDER_ARRIVAL
2026-03-18T23:08:52.152509,421.429544176882,ASSIGN_ROBOT
2026-03-18T23:08:52.152512,423.6266194376276,ORDER_ARRIVAL
2026-03-18T23:08:52.152515,423.6266194376276,ASSIGN_ROBOT
2026-03-18T23:08:52.152519,432.7288773397696,ORDER_ARRIVAL
2026-03-18T23:08:52.152522,432.7288773397696,ASSIGN_ROBOT
2026-03-18T23:08:52.152571,433.5713542602638,ORDER_ARRIVAL
2026-03-18T23:08:52.152575,433.5713542602638,ASSIGN_ROBOT
2026-03-18T23:08:52.152579,433.5805744698933,ORDER_ARRIVAL
2026-03-18T23:08:52.152583,433.5805744698933,ASSIGN_ROBOT
2026-03-18T23:08:52.152587,437.0278674954361,ORDER_ARRIVAL
2026-03-18T23:08:52.152590,437.0278674954361,ASSIGN_ROBOT
2026-03-18T23:08:52.152594,438.9833852299381,ORDER_ARRIVAL
2026-03-18T23:08:52.152597,438.9833852299381,ASSIGN_ROBOT
2026-03-18T23:08:52.152600,442.54449095984353,ORDER_ARRIVAL
2026-03-18T23:08:52.152603,442.54449095984353,ASSIGN_ROBOT
2026-03-18T23:08:52.152607,445.43450222548677,ORDER_ARRIVAL
2026-03-18T23:08:52.152610,445.43450222548677,ASSIGN_ROBOT
2026-03-18T23:08:52.152614,462.6324850748016,ORDER_ARRIVAL
2026-03-18T23:08:52.152617,462.6324850748016,ASSIGN_ROBOT
2026-03-18T23:08:52.152620,466.41992001172696,ORDER_ARRIVAL
2026-03-18T23:08:52.152623,466.41992001172696,ASSIGN_ROBOT
2026-03-18T23:08:52.152627,471.3648419434757,ORDER_ARRIVAL
2026-03-18T23:08:52.152638,471.3648419434757,ASSIGN_ROBOT
2026-03-18T23:08:52.152647,479.9066388508533,ORDER_ARRIVAL
2026-03-18T23:08:52.152653,479.9066388508533,ASSIGN_ROBOT
2026-03-18T23:08:52.152657,481.1211619914458,ORDER_ARRIVAL
